id,lineamiento_id,padre_id,tipo,numero,nombre,descripcion,propio
CNA20-F01,CNA2020-PROG,,factor,1,Proyecto educativo del programa e identidad institucional,,0
CNA20-F02,CNA2020-PROG,,factor,2,Estudiantes,,0
CNA20-F03,CNA2020-PROG,,factor,3,Profesores,,0
CNA20-F04,CNA2020-PROG,,factor,4,Egresados,,0
CNA20-F05,CNA2020-PROG,,factor,5,Aspectos académicos y resultados de aprendizaje,,0
CNA20-F06,CNA2020-PROG,,factor,6,Permanencia y graduación,,0
CNA20-F07,CNA2020-PROG,,factor,7,Interacción con el entorno nacional e internacional,,0
CNA20-F08,CNA2020-PROG,,factor,8,"Aportes de la investigación, la innovación, el desarrollo tecnológico y la creación, asociados al programa académico",,0
CNA20-F09,CNA2020-PROG,,factor,9,Bienestar de la comunidad académica del programa,,0
CNA20-F10,CNA2020-PROG,,factor,10,Medios educativos y ambientes de aprendizaje,,0
CNA20-F11,CNA2020-PROG,,factor,11,"Organización, administración y financiación del programa",,0
CNA20-F12,CNA2020-PROG,,factor,12,Recursos físicos y tecnológicos,,0
CNA20-C01,CNA2020-PROG,CNA20-F01,caracteristica,1,Proyecto educativo del programa,,0
CNA20-C02,CNA2020-PROG,CNA20-F01,caracteristica,2,Relevancia académica y pertinencia social del programa académico,,0
CNA20-C03,CNA2020-PROG,CNA20-F02,caracteristica,3,Participación en actividades de formación integral,,0
CNA20-C04,CNA2020-PROG,CNA20-F02,caracteristica,4,Orientación y seguimiento a estudiantes,,0
CNA20-C05,CNA2020-PROG,CNA20-F02,caracteristica,5,Capacidad de trabajo autónomo,,0
CNA20-C06,CNA2020-PROG,CNA20-F02,caracteristica,6,Reglamento estudiantil y política académica,,0
CNA20-C07,CNA2020-PROG,CNA20-F02,caracteristica,7,Estímulos y apoyos para estudiantes,,0
CNA20-C08,CNA2020-PROG,CNA20-F03,caracteristica,8,"Selección, vinculación y permanencia",,0
CNA20-C09,CNA2020-PROG,CNA20-F03,caracteristica,9,Estatuto profesoral,,0
CNA20-C10,CNA2020-PROG,CNA20-F03,caracteristica,10,"Número, dedicación, nivel de formación y experiencia",,0
CNA20-C11,CNA2020-PROG,CNA20-F03,caracteristica,11,Desarrollo profesoral,,0
CNA20-C12,CNA2020-PROG,CNA20-F03,caracteristica,12,Estímulos a la trayectoria profesional,,0
CNA20-C13,CNA2020-PROG,CNA20-F03,caracteristica,13,"Producción, pertinencia, utilización e impacto de material docente",,0
CNA20-C14,CNA2020-PROG,CNA20-F03,caracteristica,14,Remuneración por méritos,,0
CNA20-C15,CNA2020-PROG,CNA20-F03,caracteristica,15,Evaluación de profesores,,0
CNA20-C16,CNA2020-PROG,CNA20-F04,caracteristica,16,Seguimiento de los egresados,,0
CNA20-C17,CNA2020-PROG,CNA20-F04,caracteristica,17,Impacto de los egresados en el medio social y académico,,0
CNA20-C18,CNA2020-PROG,CNA20-F05,caracteristica,18,Integralidad de los aspectos curriculares,,0
CNA20-C19,CNA2020-PROG,CNA20-F05,caracteristica,19,Flexibilidad de los aspectos curriculares,,0
CNA20-C20,CNA2020-PROG,CNA20-F05,caracteristica,20,Interdisciplinariedad,,0
CNA20-C21,CNA2020-PROG,CNA20-F05,caracteristica,21,Estrategias pedagógicas,,0
CNA20-C22,CNA2020-PROG,CNA20-F05,caracteristica,22,Sistema de evaluación de estudiantes,,0
CNA20-C23,CNA2020-PROG,CNA20-F05,caracteristica,23,Resultados de aprendizaje,,0
CNA20-C24,CNA2020-PROG,CNA20-F05,caracteristica,24,Competencias,,0
CNA20-C25,CNA2020-PROG,CNA20-F05,caracteristica,25,Evaluación y autorregulación del programa académico,,0
CNA20-C26,CNA2020-PROG,CNA20-F05,caracteristica,26,Vinculación e interacción social,,0
CNA20-C27,CNA2020-PROG,CNA20-F06,caracteristica,27,"Políticas, estrategias y estructura para la permanencia y la graduación",,0
CNA20-C28,CNA2020-PROG,CNA20-F06,caracteristica,28,Caracterización de estudiantes y sistema de alertas tempranas,,0
CNA20-C29,CNA2020-PROG,CNA20-F06,caracteristica,29,Ajustes a los aspectos curriculares,,0
CNA20-C30,CNA2020-PROG,CNA20-F06,caracteristica,30,Mecanismos de selección,,0
CNA20-C31,CNA2020-PROG,CNA20-F07,caracteristica,31,Inserción del programa en contextos académicos nacionales e internacionales,,0
CNA20-C32,CNA2020-PROG,CNA20-F07,caracteristica,32,Relaciones externas de profesores y estudiantes,,0
CNA20-C33,CNA2020-PROG,CNA20-F07,caracteristica,33,Habilidades comunicativas en una segunda lengua,,0
CNA20-C34,CNA2020-PROG,CNA20-F08,caracteristica,34,"Formación para la investigación, desarrollo tecnológico, la innovación y la creación",,0
CNA20-C35,CNA2020-PROG,CNA20-F08,caracteristica,35,"Compromiso con la investigación, desarrollo tecnológico, la innovación y la creación",,0
CNA20-C36,CNA2020-PROG,CNA20-F09,caracteristica,36,Programas y servicios,,0
CNA20-C37,CNA2020-PROG,CNA20-F09,caracteristica,37,Participación y seguimiento,,0
CNA20-C38,CNA2020-PROG,CNA20-F10,caracteristica,38,Estrategias y recursos de apoyo a profesores,,0
CNA20-C39,CNA2020-PROG,CNA20-F10,caracteristica,39,Estrategias y recursos de apoyo a estudiantes,,0
CNA20-C40,CNA2020-PROG,CNA20-F10,caracteristica,40,Recursos bibliográficos y de información,,0
CNA20-C41,CNA2020-PROG,CNA20-F11,caracteristica,41,Organización y administración,,0
CNA20-C42,CNA2020-PROG,CNA20-F11,caracteristica,42,Dirección y gestión,,0
CNA20-C43,CNA2020-PROG,CNA20-F11,caracteristica,43,Sistemas de comunicación e información,,0
CNA20-C44,CNA2020-PROG,CNA20-F11,caracteristica,44,Estudiantes y capacidad institucional,,0
CNA20-C45,CNA2020-PROG,CNA20-F11,caracteristica,45,Financiación del programa académico,,0
CNA20-C46,CNA2020-PROG,CNA20-F11,caracteristica,46,Aseguramiento de la alta calidad y mejora continua,,0
CNA20-C47,CNA2020-PROG,CNA20-F12,caracteristica,47,Recursos de infraestructura física y tecnológica,,0
CNA20-C48,CNA2020-PROG,CNA20-F12,caracteristica,48,Recursos informáticos y de comunicación,,0
CESU25-F01,CESU2025-PROG,,factor,1,Proyecto educativo del programa e identidad institucional,,0
CESU25-F02,CESU2025-PROG,,factor,2,Comunidad de estudiantes,,0
CESU25-F03,CESU2025-PROG,,factor,3,Comunidad de profesores,,0
CESU25-F04,CESU2025-PROG,,factor,4,Comunidad de egresados,,0
CESU25-F05,CESU2025-PROG,,factor,5,Aspectos académicos y evaluación,,0
CESU25-F06,CESU2025-PROG,,factor,6,Permanencia y graduación,,0
CESU25-F07,CESU2025-PROG,,factor,7,Proyección e interacción con el entorno,,0
CESU25-F08,CESU2025-PROG,,factor,8,"Aportes de la investigación, la innovación, el desarrollo tecnológico, la creación e investigación-creación artística y cultural, asociados al programa académico",,0
CESU25-F09,CESU2025-PROG,,factor,9,Bienestar de la comunidad académica del programa,,0
CESU25-F10,CESU2025-PROG,,factor,10,"Recursos físicos, tecnológicos, medios educativos y ambientes de aprendizaje",,0
CESU25-F11,CESU2025-PROG,,factor,11,"Organización, administración y financiación del programa académico",,0
CESU25-F12,CESU2025-PROG,,factor,12,Aseguramiento de la alta calidad del programa,,0
CESU25-C01,CESU2025-PROG,CESU25-F01,caracteristica,1,Proyecto educativo del programa,,0
CESU25-C02,CESU2025-PROG,CESU25-F01,caracteristica,2,Relevancia académica y pertinencia social del programa académico,,0
CESU25-C03,CESU2025-PROG,CESU25-F02,caracteristica,3,Incidencia de las actividades de formación integral,,0
CESU25-C04,CESU2025-PROG,CESU25-F02,caracteristica,4,"Orientación, acompañamiento y seguimiento a estudiantes",,0
CESU25-C05,CESU2025-PROG,CESU25-F02,caracteristica,5,Estrategias pedagógicas para el fortalecimiento de la autonomía y el trabajo colaborativo con responsabilidad social,,0
CESU25-C06,CESU2025-PROG,CESU25-F02,caracteristica,6,"Políticas académicas y normativas en el proceso formativo en procura de una cultura de paz y tolerancia, el antirracismo, la perspectiva de género y la atención a poblaciones diversas, entre otros",,0
CESU25-C07,CESU2025-PROG,CESU25-F02,caracteristica,7,"Estímulos y apoyos para todos los estudiantes y en atención a la diversidad, el pluralismo y la inclusión",,0
CESU25-C08,CESU2025-PROG,CESU25-F03,caracteristica,8,"Resultados de los procesos de selección, vinculación y permanencia de los profesores en el mejoramiento del programa",,0
CESU25-C09,CESU2025-PROG,CESU25-F03,caracteristica,9,"Estatuto, trayectoria y reconocimiento profesoral",,0
CESU25-C10,CESU2025-PROG,CESU25-F03,caracteristica,10,Planta profesoral para materializar el proyecto educativo del programa,,0
CESU25-C11,CESU2025-PROG,CESU25-F03,caracteristica,11,"Capacidades, procesos, y resultados, del desarrollo profesoral del programa en coherencia con el proyecto educativo",,0
CESU25-C12,CESU2025-PROG,CESU25-F03,caracteristica,12,Coherencia entre los estímulos a la trayectoria de los profesores del programa y el proyecto educativo,,0
CESU25-C13,CESU2025-PROG,CESU25-F03,caracteristica,13,"Producción, pertinencia, utilización e impacto de material docente",,0
CESU25-C14,CESU2025-PROG,CESU25-F03,caracteristica,14,Evaluación integral de profesores y sus efectos en el mejoramiento del programa,,0
CESU25-C15,CESU2025-PROG,CESU25-F04,caracteristica,15,"Seguimiento de los egresados, su caracterización y aportes en el mejoramiento del programa",,0
CESU25-C16,CESU2025-PROG,CESU25-F04,caracteristica,16,Impacto y reconocimientos obtenidos por los egresados en el medio social y el ámbito académico,,0
CESU25-C17,CESU2025-PROG,CESU25-F05,caracteristica,17,"Evaluación de la gestión curricular y sus efectos en la mejora del programa desde una perspectiva de integralidad, flexibilidad e interacción de las disciplinas",,0
CESU25-C18,CESU2025-PROG,CESU25-F05,caracteristica,18,Coherencia de las estrategias pedagógicas con el proyecto educativo del programa académico y las características de la comunidad de estudiantes,,0
CESU25-C19,CESU2025-PROG,CESU25-F05,caracteristica,19,"Sistema de evaluación de estudiantes en coherencia con las transformaciones en las teorías y métodos de aprendizaje, las dinámicas del contexto y las declaraciones del programa",,0
CESU25-C20,CESU2025-PROG,CESU25-F05,caracteristica,20,Aportes del sistema de evaluación de los procesos y resultados académicos al mejoramiento curricular del programa,,0
CESU25-C21,CESU2025-PROG,CESU25-F05,caracteristica,21,"Coherencia entre las competencias, capacidades, habilidades y/o destrezas, los procesos y resultados académicos previstos y demás aspectos curriculares definidos en el proyecto educativo del programa académico",,0
CESU25-C22,CESU2025-PROG,CESU25-F06,caracteristica,22,Impacto de las políticas y estrategias implementadas para la permanencia y la graduación,,0
CESU25-C23,CESU2025-PROG,CESU25-F06,caracteristica,23,"Caracterización y atención de estudiantes a través de los sistemas, estrategias y programas dispuestos para tal fin",,0
CESU25-C24,CESU2025-PROG,CESU25-F06,caracteristica,24,Evolución de los ajustes a los aspectos curriculares y pedagógicos como resultado de los programas de permanencia y graduación,,0
CESU25-C25,CESU2025-PROG,CESU25-F06,caracteristica,25,Contribución de los mecanismos de selección a la reducción de la deserción y la graduación oportuna,,0
CESU25-C26,CESU2025-PROG,CESU25-F07,caracteristica,26,"Inserción del programa en contextos académicos locales, regionales, nacionales e internacionales",,0
CESU25-C27,CESU2025-PROG,CESU25-F07,caracteristica,27,"Resultados y logros de las relaciones y de la cooperación de profesores y estudiantes con comunidades locales, regionales, nacionales y extranjeras y sus efectos en el posicionamiento del programa",,0
CESU25-C28,CESU2025-PROG,CESU25-F07,caracteristica,28,Efectos de las políticas para el desarrollo de habilidades comunicativas en una o varias lenguas en coherencia con el proyecto educativo del programa académico,,0
CESU25-C29,CESU2025-PROG,CESU25-F07,caracteristica,29,Impacto y aportes de la proyección e interacción social en diferentes contextos,,0
CESU25-C30,CESU2025-PROG,CESU25-F08,caracteristica,30,"Capacidades y procesos para la consolidación de la investigación, el desarrollo tecnológico, la innovación, la creación e investigación creación artística y cultural en el programa académico",,0
CESU25-C31,CESU2025-PROG,CESU25-F08,caracteristica,31,"Identificación de los resultados, logros e impactos de la investigación, el desarrollo tecnológico, la innovación, la creación e investigación creación artística y cultural en los diferentes contextos del programa",,0
CESU25-C32,CESU2025-PROG,CESU25-F08,caracteristica,32,Coherencia de las líneas de investigación y/o creación y resultados con el proyecto educativo del programa académico,,0
CESU25-C33,CESU2025-PROG,CESU25-F08,caracteristica,33,"Resultados de la formación para la investigación, desarrollo tecnológico, la innovación y la creación",,0
CESU25-C34,CESU2025-PROG,CESU25-F08,caracteristica,34,"Demostración del uso de los resultados de investigación, el desarrollo tecnológico, la innovación y/o la creación e investigación-creación artística y cultural en el mejoramiento del programa",,0
CESU25-C35,CESU2025-PROG,CESU25-F08,caracteristica,35,Impacto de la investigación y/o la investigación-creación en el contexto en el que se ofrece el programa,,0
CESU25-C36,CESU2025-PROG,CESU25-F09,caracteristica,36,"Evolución y evaluación de los programas y servicios que desarrollan las políticas de bienestar en el marco del pluralismo, la diversidad y la inclusión",,0
CESU25-C37,CESU2025-PROG,CESU25-F09,caracteristica,37,"Incidencia de los programas, planes y actividades de bienestar en la formación integral y en la calidad de vida de la comunidad de estudiantes",,0
CESU25-C38,CESU2025-PROG,CESU25-F09,caracteristica,38,"Adaptación y evaluación de los programas, actividades e infraestructura de bienestar a las condiciones particulares que determinan la oferta del programa",,0
CESU25-C39,CESU2025-PROG,CESU25-F10,caracteristica,39,Evolución y evaluación de los medios educativos que soportan los ambientes de aprendizaje del programa,,0
CESU25-C40,CESU2025-PROG,CESU25-F10,caracteristica,40,Aporte de los medios educativos en los procesos y resultados académicos de los estudiantes atendiendo su contexto y a los principios rectores de la alta calidad,,0
CESU25-C41,CESU2025-PROG,CESU25-F10,caracteristica,41,"Evolución de la suficiencia y calidad de los medios educativos, recursos bibliográficos y de información en coherencia con las dinámicas propias del programa y su mejoramiento",,0
CESU25-C42,CESU2025-PROG,CESU25-F10,caracteristica,42,"Evolución, suficiencia y evaluación de los recursos de infraestructura física y tecnológica en coherencia con el proyecto educativo del programa académico",,0
CESU25-C43,CESU2025-PROG,CESU25-F11,caracteristica,43,Identificación de los logros y resultados de la organización y la gestión del programa,,0
CESU25-C44,CESU2025-PROG,CESU25-F11,caracteristica,44,"Evolución y evaluación de la sostenibilidad, los recursos y las capacidades del programa en coherencia con el proyecto educativo",,0
CESU25-C45,CESU2025-PROG,CESU25-F11,caracteristica,45,Liderazgo en la dirección y gestión,,0
CESU25-C46,CESU2025-PROG,CESU25-F11,caracteristica,46,"Sistemas de comunicación e información actualizados, accesibles y oportunos en el mejoramiento del programa",,0
CESU25-C47,CESU2025-PROG,CESU25-F11,caracteristica,47,Consolidación de los recursos y capacidades coherentes con la evolución del programa,,0
CESU25-C48,CESU2025-PROG,CESU25-F11,caracteristica,48,Identificación de la sostenibilidad financiera del programa académico,,0
CESU25-C49,CESU2025-PROG,CESU25-F12,caracteristica,49,"Reflexión y participación de la comunidad en los procesos de gestión, autoevaluación, autorregulación y mejoramiento permanente del programa académico",,0
CESU25-C50,CESU2025-PROG,CESU25-F12,caracteristica,50,"Consolidación de la información y los datos que dan cuenta de los resultados, logros e impactos de la alta calidad del programa en el periodo de observación correspondiente a la autoevaluación",,0
CESU25-C51,CESU2025-PROG,CESU25-F12,caracteristica,51,"Identificación de los principales resultados, logros e impactos de la cultura de la calidad en el mejoramiento del programa",,0
CESU25-A01,CESU2025-PROG,CESU25-C01,aspecto,1,"Identifica en el proyecto educativo del programa, o lo que haga sus veces, los elementos educativos más relevantes del programa de acuerdo con el ámbito profesional/laboral y/o el académico y el campo de conocimiento y/o en sus entornos…","Identifica en el proyecto educativo del programa, o lo que haga sus veces, los elementos educativos más relevantes del programa de acuerdo con el ámbito profesional/laboral y/o el académico y el campo de conocimiento y/o en sus entornos sociales y comunitarios.",0
CESU25-A02,CESU2025-PROG,CESU25-C01,aspecto,2,"Evalúa y mejora la apropiación del proyecto educativo del programa, o lo que haga sus veces, por parte de toda la comunidad del programa.","Evalúa y mejora la apropiación del proyecto educativo del programa, o lo que haga sus veces, por parte de toda la comunidad del programa.",0
CESU25-A03,CESU2025-PROG,CESU25-C01,aspecto,3,"Demuestra la coherencia con la identidad institucional y las conexiones con las declaraciones del proyecto educativo del programa, o lo que haga sus veces, con el ámbito profesional/laboral y/o el académico y el campo de conocimiento y/o…","Demuestra la coherencia con la identidad institucional y las conexiones con las declaraciones del proyecto educativo del programa, o lo que haga sus veces, con el ámbito profesional/laboral y/o el académico y el campo de conocimiento y/o en sus entornos sociales y comunitarios.",0
CESU25-A04,CESU2025-PROG,CESU25-C02,aspecto,4,"Analiza y sustenta su relevancia y pertinencia a partir de las necesidades locales, regionales, nacionales o internacionales previamente definidas.","Analiza y sustenta su relevancia y pertinencia a partir de las necesidades locales, regionales, nacionales o internacionales previamente definidas.",0
CESU25-A05,CESU2025-PROG,CESU25-C02,aspecto,5,Logra el reconocimiento de actores externos (del ámbito profesional/laboral y/o el académico y el campo de conocimiento y/o en sus entornos sociales y comunitarios).,Logra el reconocimiento de actores externos (del ámbito profesional/laboral y/o el académico y el campo de conocimiento y/o en sus entornos sociales y comunitarios).,0
CESU25-A06,CESU2025-PROG,CESU25-C03,aspecto,6,Identifica y evalúa los impactos en la formación integral desde la participación de los estudiantes en las distintas actividades que la promueven.,Identifica y evalúa los impactos en la formación integral desde la participación de los estudiantes en las distintas actividades que la promueven.,0
CESU25-A07,CESU2025-PROG,CESU25-C04,aspecto,7,"Evidencia resultados, logros e impactos en la permanencia y la graduación oportuna en el marco de la normatividad y del contexto del programa, de la caracterización de los estudiantes, y de las estrategias de orientación, acompañamiento y…","Evidencia resultados, logros e impactos en la permanencia y la graduación oportuna en el marco de la normatividad y del contexto del programa, de la caracterización de los estudiantes, y de las estrategias de orientación, acompañamiento y seguimiento acordes con las características particulares de la comunidad de estudiantes.",0
CESU25-A08,CESU2025-PROG,CESU25-C05,aspecto,8,"Identifica y evalúa los logros, resultados e impactos de las estrategias y los recursos pedagógicos para el fortalecimiento de la autonomía y el trabajo colaborativo de los estudiantes.","Identifica y evalúa los logros, resultados e impactos de las estrategias y los recursos pedagógicos para el fortalecimiento de la autonomía y el trabajo colaborativo de los estudiantes.",0
CESU25-A09,CESU2025-PROG,CESU25-C06,aspecto,9,"Identifica y evalúa los resultados, logros e impactos de las políticas académicas y normativas que reconocen y acogen características particulares de la comunidad de estudiantes en el proceso formativo.","Identifica y evalúa los resultados, logros e impactos de las políticas académicas y normativas que reconocen y acogen características particulares de la comunidad de estudiantes en el proceso formativo.",0
CESU25-A10,CESU2025-PROG,CESU25-C07,aspecto,10,Identifica los estímulos y apoyos dirigidos a toda la comunidad estudiantil y aquellos con enfoque diferencial.,Identifica los estímulos y apoyos dirigidos a toda la comunidad estudiantil y aquellos con enfoque diferencial.,0
CESU25-A11,CESU2025-PROG,CESU25-C07,aspecto,11,"Identifica y evalúa los impactos de los estímulos y apoyos para estudiantes y en atención a la diversidad, el pluralismo y la inclusión de acuerdo con los ajustes razonables.","Identifica y evalúa los impactos de los estímulos y apoyos para estudiantes y en atención a la diversidad, el pluralismo y la inclusión de acuerdo con los ajustes razonables.",0
CESU25-A12,CESU2025-PROG,CESU25-C08,aspecto,12,"Evalúa los resultados de los procesos de selección, vinculación y permanencia de los profesores identificando su incidencia en el mejoramiento del programa y en sus procesos y resultados académicos.","Evalúa los resultados de los procesos de selección, vinculación y permanencia de los profesores identificando su incidencia en el mejoramiento del programa y en sus procesos y resultados académicos.",0
CESU25-A13,CESU2025-PROG,CESU25-C09,aspecto,13,"Identifica la apropiación y conexiones de los docentes con el estatuto, o lo que haga sus veces, y el quehacer profesoral.","Identifica la apropiación y conexiones de los docentes con el estatuto, o lo que haga sus veces, y el quehacer profesoral.",0
CESU25-A14,CESU2025-PROG,CESU25-C09,aspecto,14,"Identifica los efectos de la aplicación del estatuto profesoral, o lo que haga sus veces, en la trayectoria profesoral, la inclusión, el reconocimiento de los méritos y el ascenso en el escalafón y los que se declaren en las normativas relacionadas.","Identifica los efectos de la aplicación del estatuto profesoral, o lo que haga sus veces, en la trayectoria profesoral, la inclusión, el reconocimiento de los méritos y el ascenso en el escalafón y los que se declaren en las normativas relacionadas.",0
CESU25-A15,CESU2025-PROG,CESU25-C10,aspecto,15,"Demuestra que cuenta con una planta profesoral que, en número, tipo de vinculación, formación y contratación es coherente con las características propias del programa, su campo de formación, las labores misionales y la totalidad de los…","Demuestra que cuenta con una planta profesoral que, en número, tipo de vinculación, formación y contratación es coherente con las características propias del programa, su campo de formación, las labores misionales y la totalidad de los estudiantes matriculados.",0
CESU25-A16,CESU2025-PROG,CESU25-C10,aspecto,16,"Demuestra resultados, logros e impactos de actividades realizadas en el programa por profesores que contribuyen a la materialización del proyecto educativo del programa, o lo que haga sus veces.","Demuestra resultados, logros e impactos de actividades realizadas en el programa por profesores que contribuyen a la materialización del proyecto educativo del programa, o lo que haga sus veces.",0
CESU25-A17,CESU2025-PROG,CESU25-C11,aspecto,17,Identifica los programas y acciones relacionadas con el desarrollo profesoral en coherencia con las políticas institucionales.,Identifica los programas y acciones relacionadas con el desarrollo profesoral en coherencia con las políticas institucionales.,0
CESU25-A18,CESU2025-PROG,CESU25-C11,aspecto,18,Identifica y evalúa los resultados en la implementación de las políticas relacionadas con el desarrollo profesoral y su contribución al mejoramiento del programa.,Identifica y evalúa los resultados en la implementación de las políticas relacionadas con el desarrollo profesoral y su contribución al mejoramiento del programa.,0
CESU25-A19,CESU2025-PROG,CESU25-C12,aspecto,19,Demuestra la coherencia entre los estímulos a la trayectoria de los profesores con los procesos y resultados académicos y evidencia su contribución al mejoramiento del programa.,Demuestra la coherencia entre los estímulos a la trayectoria de los profesores con los procesos y resultados académicos y evidencia su contribución al mejoramiento del programa.,0
CESU25-A20,CESU2025-PROG,CESU25-C13,aspecto,20,"Fomenta, apoya y evalúa la producción del material docente de acuerdo con las características y modalidad del programa académico.","Fomenta, apoya y evalúa la producción del material docente de acuerdo con las características y modalidad del programa académico.",0
CESU25-A21,CESU2025-PROG,CESU25-C13,aspecto,21,Identifica y evalúa los impactos del material docente en los procesos y resultados académicos.,Identifica y evalúa los impactos del material docente en los procesos y resultados académicos.,0
CESU25-A22,CESU2025-PROG,CESU25-C14,aspecto,22,Demuestra como la evaluación integral docente mejora el desempeño de la planta docente y sus efectos sobre la calidad del programa.,Demuestra como la evaluación integral docente mejora el desempeño de la planta docente y sus efectos sobre la calidad del programa.,0
CESU25-A23,CESU2025-PROG,CESU25-C14,aspecto,23,"Evalúa de manera integral a los profesores en las distintas labores e identifica los efectos sobre la calidad del programa y la mejora en las prácticas pedagógicas, la permanencia, en la trayectoria, entre otros.","Evalúa de manera integral a los profesores en las distintas labores e identifica los efectos sobre la calidad del programa y la mejora en las prácticas pedagógicas, la permanencia, en la trayectoria, entre otros.",0
CESU25-A24,CESU2025-PROG,CESU25-C15,aspecto,24,"Demuestra un seguimiento permanente y representativo a la ubicación, realizaciones, redes, logros e impactos de sus egresados y sus contribuciones al mejoramiento del programa.","Demuestra un seguimiento permanente y representativo a la ubicación, realizaciones, redes, logros e impactos de sus egresados y sus contribuciones al mejoramiento del programa.",0
CESU25-A25,CESU2025-PROG,CESU25-C16,aspecto,25,"Evidencia el reconocimiento al desempeño y evalúa el aporte de los egresados a la solución de los problemas económicos, ambientales, tecnológicos, sociales y culturales, a través del ejercicio de la disciplina, profesión, ocupación u…","Evidencia el reconocimiento al desempeño y evalúa el aporte de los egresados a la solución de los problemas económicos, ambientales, tecnológicos, sociales y culturales, a través del ejercicio de la disciplina, profesión, ocupación u oficio correspondiente.",0
CESU25-A26,CESU2025-PROG,CESU25-C17,aspecto,26,Demuestra los efectos de la evaluación de la gestión curricular en la mejora del programa.,Demuestra los efectos de la evaluación de la gestión curricular en la mejora del programa.,0
CESU25-A27,CESU2025-PROG,CESU25-C17,aspecto,27,"Evalúa la pertinencia de la definición de la denominación, la duración y el número de créditos desde una perspectiva de integralidad, flexibilidad e interacción de las disciplinas.","Evalúa la pertinencia de la definición de la denominación, la duración y el número de créditos desde una perspectiva de integralidad, flexibilidad e interacción de las disciplinas.",0
CESU25-A28,CESU2025-PROG,CESU25-C17,aspecto,28,Evalúa los efectos de las modificaciones realizadas en los aspectos académicos y de evaluación del programa.,Evalúa los efectos de las modificaciones realizadas en los aspectos académicos y de evaluación del programa.,0
CESU25-A29,CESU2025-PROG,CESU25-C18,aspecto,29,"Demuestra que las estrategias pedagógicas responden a las características particulares de la oferta del programa, la formación de los profesores de la comunidad de estudiantes e incorpora los resultados de las investigaciones pedagógicas…","Demuestra que las estrategias pedagógicas responden a las características particulares de la oferta del programa, la formación de los profesores de la comunidad de estudiantes e incorpora los resultados de las investigaciones pedagógicas institucionales en conexión con el proyecto educativo institucional y el proyecto educativo del programa, o lo que haga sus veces.",0
CESU25-A30,CESU2025-PROG,CESU25-C19,aspecto,30,"Evidencia sistemas de evaluación que integren procedimientos claros y transparentes, dan cuenta de los procesos y resultados académicos con innovaciones que generan transformaciones profundas en el aprendizaje, facilitar la inclusión y…","Evidencia sistemas de evaluación que integren procedimientos claros y transparentes, dan cuenta de los procesos y resultados académicos con innovaciones que generan transformaciones profundas en el aprendizaje, facilitar la inclusión y acoger las dinámicas y cambios particulares de los campos del conocimiento.",0
CESU25-A31,CESU2025-PROG,CESU25-C20,aspecto,31,Demuestra los efectos de la evaluación sistemática y permanente de los procesos y resultados académicos en la mejora del programa,Demuestra los efectos de la evaluación sistemática y permanente de los procesos y resultados académicos en la mejora del programa,0
CESU25-A32,CESU2025-PROG,CESU25-C21,aspecto,32,"Demuestra los efectos del diseño curricular en el cumplimiento de los propósitos del proyecto educativo del programa, o lo que haga sus veces, y el perfil de egreso, y los evidencia a través de los estudios de desempeño de los egresados.","Demuestra los efectos del diseño curricular en el cumplimiento de los propósitos del proyecto educativo del programa, o lo que haga sus veces, y el perfil de egreso, y los evidencia a través de los estudios de desempeño de los egresados.",0
CESU25-A33,CESU2025-PROG,CESU25-C22,aspecto,33,Identifica los resultados y logros y evalúa los impactos de las políticas y estrategias implementadas para la permanencia y la graduación de los estudiantes atendiendo criterios de equidad e inclusión.,Identifica los resultados y logros y evalúa los impactos de las políticas y estrategias implementadas para la permanencia y la graduación de los estudiantes atendiendo criterios de equidad e inclusión.,0
CESU25-A34,CESU2025-PROG,CESU25-C23,aspecto,34,Demuestra la existencia de un sistema de alertas tempranas para la prevención y atención diferenciada de los estudiantes y da cuenta de su efectividad.,Demuestra la existencia de un sistema de alertas tempranas para la prevención y atención diferenciada de los estudiantes y da cuenta de su efectividad.,0
CESU25-A35,CESU2025-PROG,CESU25-C23,aspecto,35,Demuestra el impacto de la caracterización a lo largo del proceso formativo de los estudiantes en la determinación de las estrategias y apoyos que promueven la permanencia y graduación oportuna.,Demuestra el impacto de la caracterización a lo largo del proceso formativo de los estudiantes en la determinación de las estrategias y apoyos que promueven la permanencia y graduación oportuna.,0
CESU25-A36,CESU2025-PROG,CESU25-C24,aspecto,36,"Demuestra el impacto de los programas de permanencia y graduación en la evolución de las transformaciones curriculares y pedagógicas, en el marco de una formación integral.","Demuestra el impacto de los programas de permanencia y graduación en la evolución de las transformaciones curriculares y pedagógicas, en el marco de una formación integral.",0
CESU25-A37,CESU2025-PROG,CESU25-C25,aspecto,37,Demuestra la contribución efectiva de los mecanismos de selección con criterios de equidad e inclusión en el desarrollo de actividades orientadas a la reducción de la deserción y a la graduación oportuna.,Demuestra la contribución efectiva de los mecanismos de selección con criterios de equidad e inclusión en el desarrollo de actividades orientadas a la reducción de la deserción y a la graduación oportuna.,0
CESU25-A38,CESU2025-PROG,CESU25-C26,aspecto,38,"Evidencia la Incorporación de las tendencias de contextos locales, regionales, nacionales e internacionales en la actualización de los aspectos curriculares, a partir de espacios de reflexión y análisis.","Evidencia la Incorporación de las tendencias de contextos locales, regionales, nacionales e internacionales en la actualización de los aspectos curriculares, a partir de espacios de reflexión y análisis.",0
CESU25-A39,CESU2025-PROG,CESU25-C27,aspecto,39,"Evidencia y evalúa el impacto en la cooperación de profesores y estudiantes con otras instituciones o entidades locales, regionales, nacionales y extranjeras en el desarrollo de las labores del programa.","Evidencia y evalúa el impacto en la cooperación de profesores y estudiantes con otras instituciones o entidades locales, regionales, nacionales y extranjeras en el desarrollo de las labores del programa.",0
CESU25-A40,CESU2025-PROG,CESU25-C28,aspecto,40,Identifica y evalúa los impactos de las políticas institucionales el desarrollo de habilidades comunicativas en una o varias lenguas en coherencia con sus declaraciones,Identifica y evalúa los impactos de las políticas institucionales el desarrollo de habilidades comunicativas en una o varias lenguas en coherencia con sus declaraciones,0
CESU25-A41,CESU2025-PROG,CESU25-C29,aspecto,41,Identifica y evalúa los impactos y los aportes de la extensión y la proyección e interacción social en la solución de los problemas y la transformación de sus contextos.,Identifica y evalúa los impactos y los aportes de la extensión y la proyección e interacción social en la solución de los problemas y la transformación de sus contextos.,0
CESU25-A42,CESU2025-PROG,CESU25-C29,aspecto,42,"Identifica y evalúa los impactos que tiene la participación de los estudiantes en las actividades de extensión, proyección e interacción social sobre sus procesos de formación.","Identifica y evalúa los impactos que tiene la participación de los estudiantes en las actividades de extensión, proyección e interacción social sobre sus procesos de formación.",0
CESU25-A43,CESU2025-PROG,CESU25-C30,aspecto,43,"Evalúa la consolidación y la evolución de las condiciones y los recursos para el desarrollo de actividades de investigación, la innovación, el desarrollo tecnológico, la creación e investigación-creación artística y cultural, de los…","Evalúa la consolidación y la evolución de las condiciones y los recursos para el desarrollo de actividades de investigación, la innovación, el desarrollo tecnológico, la creación e investigación-creación artística y cultural, de los profesores del programa, reconocidas por el Sistema Nacional de Ciencia, Tecnología e Innovación.",0
CESU25-A44,CESU2025-PROG,CESU25-C31,aspecto,44,"Evidencia los resultados, logros e impactos de la investigación, el desarrollo tecnológico, la innovación, la creación e investigación creación artística y cultural que contribuyen a la actualización y generación de conocimiento o a la…","Evidencia los resultados, logros e impactos de la investigación, el desarrollo tecnológico, la innovación, la creación e investigación creación artística y cultural que contribuyen a la actualización y generación de conocimiento o a la solución de problemas de la sociedad, la generación de nuevos espacios para la renovación permanente de enfoques conceptuales y teóricos que contribuyan al desarrollo investigativo innovador y a la producción intelectual.",0
CESU25-A45,CESU2025-PROG,CESU25-C31,aspecto,45,"Evalúa los resultados, logros e impactos de la investigación, el desarrollo tecnológico, la innovación, la creación e investigación creación artística y cultural sobre la formación de los estudiantes.","Evalúa los resultados, logros e impactos de la investigación, el desarrollo tecnológico, la innovación, la creación e investigación creación artística y cultural sobre la formación de los estudiantes.",0
CESU25-A46,CESU2025-PROG,CESU25-C32,aspecto,46,Articula los propósitos académicos con las dinámicas investigativas desde los productos y actividades asociados a las líneas de investigación con las declaraciones del programa.,Articula los propósitos académicos con las dinámicas investigativas desde los productos y actividades asociados a las líneas de investigación con las declaraciones del programa.,0
CESU25-A47,CESU2025-PROG,CESU25-C33,aspecto,47,"Consolida la participación de la comunidad de estudiantes en las actividades de formación para la investigación, la innovación, el desarrollo tecnológico, la creación e investigación-creación artística y cultural.","Consolida la participación de la comunidad de estudiantes en las actividades de formación para la investigación, la innovación, el desarrollo tecnológico, la creación e investigación-creación artística y cultural.",0
CESU25-A48,CESU2025-PROG,CESU25-C33,aspecto,48,"Identifica y sistematiza los resultados de la formación para la investigación, la innovación, el desarrollo tecnológico, la creación e investigación-creación artística y cultural de los estudiantes del programa.","Identifica y sistematiza los resultados de la formación para la investigación, la innovación, el desarrollo tecnológico, la creación e investigación-creación artística y cultural de los estudiantes del programa.",0
CESU25-A49,CESU2025-PROG,CESU25-C34,aspecto,49,"Incorpora e implementa los resultados de investigación, el desarrollo tecnológico, la innovación y/o la creación e investigación-creación artística y cultural en el mejoramiento del programa.","Incorpora e implementa los resultados de investigación, el desarrollo tecnológico, la innovación y/o la creación e investigación-creación artística y cultural en el mejoramiento del programa.",0
CESU25-A50,CESU2025-PROG,CESU25-C35,aspecto,50,"Evalúa la pertinencia y el impacto de los resultados investigación, el desarrollo tecnológico, la innovación y/o la creación e investigación-creación artística y cultural en los contextos del programa.","Evalúa la pertinencia y el impacto de los resultados investigación, el desarrollo tecnológico, la innovación y/o la creación e investigación-creación artística y cultural en los contextos del programa.",0
CESU25-A51,CESU2025-PROG,CESU25-C36,aspecto,51,"Evalúa la implementación de las políticas relacionadas con los programas y servicios de bienestar en el marco del pluralismo, la diversidad y la inclusión, basado en el nivel de participación de la comunidad del programa.","Evalúa la implementación de las políticas relacionadas con los programas y servicios de bienestar en el marco del pluralismo, la diversidad y la inclusión, basado en el nivel de participación de la comunidad del programa.",0
CESU25-A52,CESU2025-PROG,CESU25-C36,aspecto,52,"Evalúa la evolución de los programas y servicios de bienestar en el marco del pluralismo, la diversidad y la inclusión, basado en el nivel de participación de la comunidad del programa.","Evalúa la evolución de los programas y servicios de bienestar en el marco del pluralismo, la diversidad y la inclusión, basado en el nivel de participación de la comunidad del programa.",0
CESU25-A53,CESU2025-PROG,CESU25-C37,aspecto,53,"Identifica y evalúa los impactos de los programas, planes y actividades de bienestar en la formación integral y en la calidad de vida de la comunidad de estudiantes.","Identifica y evalúa los impactos de los programas, planes y actividades de bienestar en la formación integral y en la calidad de vida de la comunidad de estudiantes.",0
CESU25-A54,CESU2025-PROG,CESU25-C38,aspecto,54,"Consolida y demuestra el avance de la infraestructura, los programas y servicios con los que desarrollan las políticas de bienestar en el marco del pluralismo, la diversidad y la inclusión, teniendo como referencia las características…","Consolida y demuestra el avance de la infraestructura, los programas y servicios con los que desarrollan las políticas de bienestar en el marco del pluralismo, la diversidad y la inclusión, teniendo como referencia las características particulares de toda la comunidad del programa y las que determinan su oferta.",0
CESU25-A55,CESU2025-PROG,CESU25-C39,aspecto,55,"Evalúa la pertinencia y la actualización de los medios educativos que soportan los ambientes de aprendizaje del programa, en coherencia con los procesos y resultados académicos, las características y la modalidad del programa académico y…","Evalúa la pertinencia y la actualización de los medios educativos que soportan los ambientes de aprendizaje del programa, en coherencia con los procesos y resultados académicos, las características y la modalidad del programa académico y su incidencia en los planes de mejoramiento.",0
CESU25-A56,CESU2025-PROG,CESU25-C40,aspecto,56,Identifica y evalúa los efectos de los medios educativos en los procesos y resultados académicos de los estudiantes atendiendo su contexto.,Identifica y evalúa los efectos de los medios educativos en los procesos y resultados académicos de los estudiantes atendiendo su contexto.,0
CESU25-A57,CESU2025-PROG,CESU25-C41,aspecto,57,"Evalúa de la idoneidad, el uso, la usabilidad, la suficiencia y la calidad de los medios educativos, recursos bibliográficos y de información y de los servicios asociados, en coherencia con las características particulares de la comunidad…","Evalúa de la idoneidad, el uso, la usabilidad, la suficiencia y la calidad de los medios educativos, recursos bibliográficos y de información y de los servicios asociados, en coherencia con las características particulares de la comunidad del programa, y las que determinan su oferta.",0
CESU25-A58,CESU2025-PROG,CESU25-C42,aspecto,58,"Evalúa de la pertinencia, el uso, la usabilidad, la suficiencia, la actualización, el mantenimiento y la calidad de los recursos de infraestructura física y tecnológica en coherencia con las características particulares de la comunidad del…","Evalúa de la pertinencia, el uso, la usabilidad, la suficiencia, la actualización, el mantenimiento y la calidad de los recursos de infraestructura física y tecnológica en coherencia con las características particulares de la comunidad del programa, y las que determinan su oferta.",0
CESU25-A59,CESU2025-PROG,CESU25-C43,aspecto,59,Identifica y evalúa los principales logros y resultados de la organización y la gestión del programa.,Identifica y evalúa los principales logros y resultados de la organización y la gestión del programa.,0
CESU25-A60,CESU2025-PROG,CESU25-C43,aspecto,60,"Evidencia la participación en los cuerpos (s) colegiado(s) de los representantes de los profesores, los estudiantes y los egresados y su contribución a los planes de mejoramiento del programa.","Evidencia la participación en los cuerpos (s) colegiado(s) de los representantes de los profesores, los estudiantes y los egresados y su contribución a los planes de mejoramiento del programa.",0
CESU25-A61,CESU2025-PROG,CESU25-C44,aspecto,61,"Consolida y demuestra el avance de la sostenibilidad, los recursos y las capacidades en coherencia con las características particulares de la comunidad del programa, las que determinan su oferta y su crecimiento o los desafíos del contexto.","Consolida y demuestra el avance de la sostenibilidad, los recursos y las capacidades en coherencia con las características particulares de la comunidad del programa, las que determinan su oferta y su crecimiento o los desafíos del contexto.",0
CESU25-A62,CESU2025-PROG,CESU25-C45,aspecto,62,Evalúa el impacto del liderazgo en la dirección y gestión en la consolidación de la comunidad académica del programa y en cultura de la calidad y en los procesos de mejoramiento.,Evalúa el impacto del liderazgo en la dirección y gestión en la consolidación de la comunidad académica del programa y en cultura de la calidad y en los procesos de mejoramiento.,0
CESU25-A63,CESU2025-PROG,CESU25-C46,aspecto,63,"Demuestra la accesibilidad, consistencia, actualización y protección de los datos en sistemas de información y sus contribuciones a la toma de decisiones para la autorregulación, autoevaluación y el mejoramiento permanente.","Demuestra la accesibilidad, consistencia, actualización y protección de los datos en sistemas de información y sus contribuciones a la toma de decisiones para la autorregulación, autoevaluación y el mejoramiento permanente.",0
CESU25-A64,CESU2025-PROG,CESU25-C46,aspecto,64,"Demuestra la efectividad de los sistemas de comunicación en coherencia con las características particulares de la comunidad del programa, las que determinan su oferta.","Demuestra la efectividad de los sistemas de comunicación en coherencia con las características particulares de la comunidad del programa, las que determinan su oferta.",0
CESU25-A65,CESU2025-PROG,CESU25-C47,aspecto,65,"Identifica el impacto de los recursos en la permanencia, el desarrollo académico y la graduación oportuna de los estudiantes, en coherencia con la evolución del programa.","Identifica el impacto de los recursos en la permanencia, el desarrollo académico y la graduación oportuna de los estudiantes, en coherencia con la evolución del programa.",0
CESU25-A66,CESU2025-PROG,CESU25-C48,aspecto,66,"Demuestra que dispone de los recursos financieros de funcionamiento e inversión, necesarios para el desarrollo del programa y desarrolla procesos de planeación, seguimiento y ejecución de dichos recursos en coherencia con las dinámicas…","Demuestra que dispone de los recursos financieros de funcionamiento e inversión, necesarios para el desarrollo del programa y desarrolla procesos de planeación, seguimiento y ejecución de dichos recursos en coherencia con las dinámicas propias del programa y sus planes de mejoramiento.",0
CESU25-A67,CESU2025-PROG,CESU25-C49,aspecto,67,"Presenta y evalúa resultados de la participación representativa, reflexiva y critica de la comunidad académica del programa en los procesos de autorregulación, autoevaluación y mejoramiento permanente, para promover una cultura de la…","Presenta y evalúa resultados de la participación representativa, reflexiva y critica de la comunidad académica del programa en los procesos de autorregulación, autoevaluación y mejoramiento permanente, para promover una cultura de la calidad y contribuir a la consolidación del sistema interno de aseguramiento de la calidad.",0
CESU25-A68,CESU2025-PROG,CESU25-C50,aspecto,68,"Demuestra la evolución y la consolidación de la información y los datos en el marco del sistema interno de aseguramiento de la calidad, para soportar los procesos de autoevaluación, autorregulación y del mejoramiento permanente del…","Demuestra la evolución y la consolidación de la información y los datos en el marco del sistema interno de aseguramiento de la calidad, para soportar los procesos de autoevaluación, autorregulación y del mejoramiento permanente del programa académico.",0
CESU25-A69,CESU2025-PROG,CESU25-C51,aspecto,69,Identifica los principales resultados y logros y evalúa los impactos de la cultura de la calidad en el mejoramiento del programa.,Identifica los principales resultados y logros y evalúa los impactos de la cultura de la calidad en el mejoramiento del programa.,0
CESU25-A70,CESU2025-PROG,CESU25-C51,aspecto,70,"Implementa las recomendaciones realizadas en los procesos de autoevaluación, y realiza un seguimiento que permite evaluar sus efectos sobre mejoramiento permanente del programa.","Implementa las recomendaciones realizadas en los procesos de autoevaluación, y realiza un seguimiento que permite evaluar sus efectos sobre mejoramiento permanente del programa.",0
RC-INST,D1330-RC,,condicion,1,Condiciones institucionales,,0
RC-I1,D1330-RC,RC-INST,condicion,1,Mecanismos de selección y evaluación de estudiantes y profesores,,0
RC-I2,D1330-RC,RC-INST,condicion,2,Estructura administrativa y académica,,0
RC-I3,D1330-RC,RC-INST,condicion,3,Cultura de la autoevaluación,,0
RC-I4,D1330-RC,RC-INST,condicion,4,Programa de egresados,,0
RC-I5,D1330-RC,RC-INST,condicion,5,Modelo de bienestar,,0
RC-I6,D1330-RC,RC-INST,condicion,6,Recursos suficientes para garantizar el cumplimiento de las metas,,0
RC-PROG,D1330-RC,,condicion,2,Condiciones de programa,,0
RC-P1,D1330-RC,RC-PROG,condicion,1,Denominación,,0
RC-P2,D1330-RC,RC-PROG,condicion,2,Justificación,,0
RC-P3,D1330-RC,RC-PROG,condicion,3,Aspectos curriculares,,0
RC-P4,D1330-RC,RC-PROG,condicion,4,Organización de actividades académicas y proceso formativo,,0
RC-P5,D1330-RC,RC-PROG,condicion,5,"Investigación, innovación y/o creación artística y cultural",,0
RC-P6,D1330-RC,RC-PROG,condicion,6,Relación con el sector externo,,0
RC-P7,D1330-RC,RC-PROG,condicion,7,Profesores,,0
RC-P8,D1330-RC,RC-PROG,condicion,8,Medios educativos,,0
RC-P9,D1330-RC,RC-PROG,condicion,9,Infraestructura física y tecnológica,,0
