id,nombre,activo
PI01,Apoyo a la formación de alto nivel y fortalecimiento de las competencias docentes en la Universidad de los Llanos,1
PI02,Apoyo a los procesos de aseguramiento de la calidad académica en la Universidad de los Llanos.,1
PI03,Fortalecimiento estratégico de la cultura organizacional en la comunicación integral de la Universidad de los Llanos.,1
PI04,"Generar capacidades en innovación, desarrollo tecnológico y creación para la generación, uso y transferencia del conocimiento en la Universidad de los Llanos",1
PI05,"Escenarios de extensión, apropiación y responsabilidad social de la Universidad de los Llanos",1
PI06,Fortalecimiento de las habilidades comunicativas en una segunda lengua para los estudiantes del programa de bilingüismo BULL de la Universidad de los Llanos,1
PI07,Construcción de documentos maestros para programas académicos de grado y posgrado en la Universidad de los Llanos.,1
PI08,Posicionamiento y visibilidad de la Universidad de los Llanos en dinámicas mundiales a través de su relacionamiento con actores nacionales e internacionales,1
PI09,Adquisición de recursos bibliográficos y plataformas tecnológicas para apoyar los procesos formativos de la comunidad académica de la Universidad de los Llanos,1
PI10,Fortalecer e implementar el desarrollo del sistema de laboratorios como apoyo al cumplimiento de las funciones misionales de la Universidad de Llanos.,1
PI11,Promover la educación digital en los procesos de enseñanza y aprendizaje en ambientes físicos y virtuales de la Universidad de los Llanos,1
PI12,Adquisición de equipos para los laboratorios de la Universidad de los Llanos en el marco de la política de medios educativos,1
PI13,Fortalecimiento del Sistema de Gestión Ambiental de la Universidad de los Llanos,1
PI14,Adquisición de infraestructura tecnológica para el apoyo transversal de los procesos académico administrativos de la Universidad de los Llanos,1
PI15,Fortalecimiento y desarrollo de estrategias y acciones de bienestar en el marco del desarrollo humano en pro de los integrantes de la comunidad universitaria de los Llanos,1
PI16,Fortalecimiento de las capacidades investigativas del Centro de Calidad de Aguas mediante el sostenimiento de la acreditación en la norma NTC ISO/IEC 17025: 2017 de la Universidad de los Llanos,1
