variante,id
Bienestar Institucional,bienestar_institucional
Centro de proyección social FCBI,centro_de_proyeccion_social_fcbi
Comité de Escuela,comite_de_escuela
Comité de Programa,comite_de_programa
Consejo Académico,consejo_academico
Consejo Superior,consejo_superior
Consejo de Facultad,consejo_de_facultad
Coordinación de laboratorios,coordinacion_de_laboratorios
Departamento de Básicas,departamento_de_basicas
Dirección General de Currículo,direccion_general_de_curriculo
Dirección General de Investigaciones,direccion_general_de_investigaciones
Dirección General de Proyección Social,direccion_general_de_proyeccion_social
Director de Programa,director_de_programa
Estudiantes,estudiantes
Oficina de Relaciones Interinstitucionales OIRI,oficina_de_relaciones_interinstitucionales_oiri
PREU,preu
Profesores,profesores
Profesores del programa,profesores_del_programa
Programa de Egresados,programa_de_egresados
Vicerrectoría Académica,vicerrectoria_academica
Vicerrectoría de Recursos Universitarios,vicerrectoria_de_recursos_universitarios
Profsores,profesores
Dirección General de Investigación,direccion_general_de_investigaciones
Vicerrectoría de Recursos,vicerrectoria_de_recursos_universitarios
Comité de Escuela Ingeniería,comite_de_escuela
Consejo de FCBI,consejo_de_facultad
