factor_texto,elemento_id,nota
Factor 2. Estudiantes,CNA20-F02,
Factor 3. Profesores,CNA20-F03,
Factor 5 - Visibilidad nacional e internacional,CNA20-F07,Numeración 2013 del Excel; el informe IE 2018-2022 (Balance 2017 vs 2022, pág. 172 del PDF) compara el factor 5 de 2013 con el factor 7 del Acuerdo 02 de 2020
Factor 6 Permanencia y graduación,CNA20-F06,
Factor 8. Aportes a la investigación,CNA20-F08,
Factor 9 - Impacto de los egresados en el medio,CNA20-F04,Numeración 2013 del Excel; el informe IE 2018-2022 (Balance 2017 vs 2022, pág. 127 del PDF) compara el factor 9 de 2013 con el factor 4 del Acuerdo 02 de 2020
Factor 9. Bienestar de la Comunidad Académica del Programa,CNA20-F09,
Factor 10 - Recursos físicos y financieros,CNA20-F12,Numeración 2013 del Excel; lo físico va al factor 12 (informe IE 2018-2022, pág. 225 del PDF) y lo financiero al factor 11 (pág. 219). Las metas de laboratorios son de lo físico: F12
Todos los factores,,Meta transversal: sin elemento
