id,tipo,descripcion,origen,factor_texto,destino,proceso_id
H01,aspecto_por_mejorar,Continuar con estrategias para lograr que los resultados de la prueba Saber Pro sean mayores en todas las competencias ai promedio obtenido por los estudiantes del grupo de referencia NBC.,Determinación del CNA,Factor 2. Estudiantes,plan_mejoramiento,PR-IE-2022
H02,aspecto_por_mejorar,"Mantener la participación en las actividades de Bienestar de un porcentaje significativo de estudiantes del Programa en cada periodo, dada la importancia declarada por la institución, en el desarrollo integral y en la permanencia.",Determinación del CNA,Factor 9. Bienestar de la Comunidad Académica del Programa,plan_mejoramiento,PR-IE-2022
H03,aspecto_por_mejorar,Bajo porcentaje de profesores y administrativos en actividades de Bienestar,Determinación del CNA,Factor 9. Bienestar de la Comunidad Académica del Programa,plan_mejoramiento,PR-IE-2022
H04,aspecto_por_mejorar,El número de profesores no es suficiente para las necesidades del programa en relación con el número de estudiantes.,Proceso de autoevaluación,Factor 3. Profesores,plan_mejoramiento,PR-IE-2022
H05,aspecto_por_mejorar,Los tiempos de dedicación a las funciones misionales no cumplen con lo establecido en los indicadores del programa.,Proceso de autoevaluación,Factor 3. Profesores,plan_mejoramiento,PR-IE-2022
H06,aspecto_por_mejorar,"Continuar con estrategias para aumentar el material de apoyo docente, su aplicación, y difusión.",Determinación del CNA,Factor 3. Profesores,plan_mejoramiento,PR-IE-2022
H07,aspecto_por_mejorar,"El número de productos derivados de la participación de profesores, estudiantes y directivos del programa en redes u organismos nacionales e internacionales es bajo.",Proceso de autoevaluación,Factor 5 - Visibilidad nacional e internacional,plan_mejoramiento,PR-IE-2022
H08,aspecto_por_mejorar,Continuar promoviendo la movilidad entrante nacional e internacional y la saliente nacional,Determinación del CNA,Factor 5 - Visibilidad nacional e internacional,plan_mejoramiento,PR-IE-2022
H09,aspecto_por_mejorar,"Aumentar la movilidad saliente de estudiantes del Programa en distintas modalidades. Aunque el Programa argumenta la reducción en este indicador, en la pandemia y el paro, es posible complementar estos resultados, estableciendo otras actividades en distintas modalidades con efectos en la visibilidad y la cooperación nacional e internacional.",Determinación del CNA,Factor 5 - Visibilidad nacional e internacional,plan_mejoramiento,PR-IE-2022
H10,aspecto_por_mejorar,Persistir en acciones que permitan de manera efectiva continuar disminuyendo la deserción en el Programa. La tasa de deserción anual para 3 periodos entre 2019 y 2021 es superior al promedio nacional para nivel de formación.,Determinación del CNA,Factor 6 Permanencia y graduación,plan_mejoramiento,PR-IE-2022
H11,aspecto_por_mejorar,"Continuar con la estrategia para lograr la graduación en el tiempo aprobado en el registro calificado. La tasa acumulada de graduación del Programa al semestre 13 es del 23.57% inferior al promedio nacional para el profesional universitario. Aunque es mejor con relación al proceso anterior de acreditación, aún hay una Oportunidad de mejora significativa en el comparativo nacional con el promedio del nivel de formación.",Determinación del CNA,Factor 6 Permanencia y graduación,plan_mejoramiento,PR-IE-2022
H12,aspecto_por_mejorar,Continuar con estrategias y apoyos para mejorar la categoría de los grupos de investigación y el reconocimiento de profesores como investigadores.,Determinación del CNA,Factor 8. Aportes a la investigación,plan_mejoramiento,PR-IE-2022
H13,aspecto_por_mejorar,Se requiere incrementar el número de registros de egresados en la base de datos,Proceso de autoevaluación,Factor 9 - Impacto de los egresados en el medio,plan_mejoramiento,PR-IE-2022
H14,aspecto_por_mejorar,"Continuar robusteciendo la infraestructura de laboratorios y equipos disponibles para el Programa en las distintas líneas de profundización, tanto para la docencia, coma para la investigación, y cumplir con el plan de mantenimiento y calibración de equipos de laboratorios de manera permanente.",Determinación del CNA,Factor 10 - Recursos físicos y financieros,plan_mejoramiento,PR-IE-2022
H15,aspecto_por_mejorar,Se requiere fortalecer el seguimiento de la medición de impacto que evidencie el desarrollo de las funciones misionales,Proceso de autoevaluación,Todos los factores,plan_mejoramiento,PR-IE-2022
