id,plan_id,numero,codigo,descripcion,factor_texto,proyecto,tipo_meta,peso,actividades,recursos,responsables,hallazgos
M01,P01,1,1,Mantener cinco (5) puntos por encima de los resultados de la prueba Saber Pro del grupo de referencia,Factor 2. Estudiantes,Apoyo a los procesos de aseguramiento de la calidad académica en la Universidad de los Llanos.,Institucional / Programa,0.05882352941,"1. Hacer seguimiento a la participación de los estudiantes en las estrategias institucionales 
2. Hacer seguimiento a las estrategias implementadas por el programa en cada uno de los cursos 
3. Presentar un informe de seguimiento anual al comité de programa",Recursos de Funcionamiento e inversión,Dirección General de Currículo|Comité de Programa|Profesores del programa,H01
M02,P01,2,"2a.2b, 2c",Incrementar al 60% la participación de la comunidad del programa en actividades de bienestar institucional,Factor 9. Bienestar de la Comunidad Académica del Programa,Fortalecimiento y desarrollo de estrategias y acciones de bienestar en el marco del desarrollo humano en pro de los integrantes de la comunidad universitaria de los Llanos,Institucional / Programa,0.05882352941,"1.Realizar convocatorias para vincular estudiantes, profesores y administrativos en a actividades de bienestar.
2. Ejecutar el portafolio de servicios de Bienestar
3. Informe de seguimiento sobre la participación de estudiantes, profesores y administrativos en actividades de bienestar institucional.",Recursos de Funcionamiento e inversión,Bienestar Institucional|Consejo de FCBI|Comité de Programa,H02|H03
M03,P01,3,3,Desarrollar una (1) convocatoria de planta docente,Factor 3. Profesores,Apoyo a la formación de alto nivel y fortalecimiento de las competencias docentes en la Universidad de los Llanos,Institucional,0.05882352941,"1. Identificar los perfiles. 
2. Desarrollar las etapas del concurso de acuerdo con la normatividad aplicable
3. Formalizar nombramiento de los docentes ganadores del concurso",Recursos contemplado en el Plan de Mejoramiento Institucional 2022-2028,Consejo Superior|Consejo Académico|Consejo de Facultad|Comité de programa,H04
M04,P01,4,4,Incrementar al 25% la asignación de tiempos de los docentes TC a la investigación,Factor 3. Profesores,"Generar capacidades en innovación, desarrollo tecnológico y creación para la generación, uso y transferencia del conocimiento en la Universidad de los Llanos",Institucional,0.05882352941,"1. Realizar las convocatorias de proyectos de investigación y de proyección social.
2. Presentar y avalar los proyectos de investigación y proyección social.
3. Asignar a docentes los tiempos destinados a las funciones misionales de acuerdo con indicadores
4. Revisar indicadores y la tipificación de las asignaciones",Recursos de Funcionamiento e inversión,Consejo académico|Consejo de Facultad|Comité de Programa|Comité de Escuela Ingeniería|Departamento de Básicas,H05
M05,P01,5,5,Incrementar al 20% la asignación de tiempos de los docentes TC a la Proyección Social,Factor 3. Profesores,"Escenarios de extensión, apropiación y responsabilidad social de la Universidad de los Llanos",Institucional,0.05882352941,"1. Realizar las convocatorias de proyectos de investigación y de proyección social.
2. Presentar y avalar los proyectos de investigación y proyección social.
3. Asignar a docentes los tiempos destinados a las funciones misionales de acuerdo con indicadores
4. Revisar indicadores y la tipificación de las asignaciones",Recursos de Funcionamiento e inversión,Consejo académico|Consejo de Facultad|Comité de Programa|Comité de Escuela Ingeniería|Departamento de Básicas,H05
M06,P01,6,6,Desarrollar una (1) estrategia anual para fomentar la productividad y el material de apoyo docente,Factor 3. Profesores,"Generar capacidades en innovación, desarrollo tecnológico y creación para la generación, uso y transferencia del conocimiento en la Universidad de los Llanos",Programa,0.05882352941,"1. Revisar la conceptualización y los criterios del material de apoyo docente
2. Diseñar y desarrollar el repositorio de material de apoyo docente
3. Análisis de la evaluación del material de apoyo docente 
4. Presentar informe al comité de programa",Recursos de Inversión y Funcionamiento,Comité de Programa|Profesores,H06
M07,P01,7,7,Incrementar al 30% la participación de los docentes en redes u organismos nacionales e internacionales para generar productos,Factor 5 - Visibilidad nacional e internacional,Posicionamiento y visibilidad de la Universidad de los Llanos en dinámicas mundiales a través de su relacionamiento con actores nacionales e internacionales,Institucional / Programa,0.05882352941,"1, Generar inscripciones y participaciones en redes académicas u organismos nacionales e internacionales",Recursos de Funcionamiento contemplados en el Plan de Mejoramiento Institucional 2022-2028,Vicerrectoría Académica|Vicerrectoría de Recursos|Dirección General de Investigaciones|Dirección General de Proyección Social|Comité de programa,H07
M08,P01,8,8,Desarrollar un (1) producto bienalmente como resultado de la articulación de redes académicas,Factor 5 - Visibilidad nacional e internacional,Posicionamiento y visibilidad de la Universidad de los Llanos en dinámicas mundiales a través de su relacionamiento con actores nacionales e internacionales,Institucional / Programa,0.05882352941,"1, Generar inscripciones y participaciones en redes académicas u organismos nacionales e internacionales",Recursos de Funcionamiento contemplados en el Plan de Mejoramiento Institucional 2022-2028,Vicerrectoría Académica|Vicerrectoría de Recursos|Dirección General de Investigaciones|Dirección General de Proyección Social|Comité de programa,H07
M09,P01,9,9,Realizar la movilidad de un (1) estudiante extranjero bienalmente,Factor 5 - Visibilidad nacional e internacional,Posicionamiento y visibilidad de la Universidad de los Llanos en dinámicas mundiales a través de su relacionamiento con actores nacionales e internacionales,Institucional / Programa,0.05882352941,1. Actualizar y mantener los convenios internacionales para incrementar el número de estudiantes visitantes,Recurso por inversión y/o Externos,Oficina de Relaciones Interinstitucionales OIRI|Consejo de FCBI|Comité de programa,H08
M10,P01,10,10,Lograr que el 20% de estudiantes a partir del V semestre realicen movilidad saliente nacional o internacional anualmente,Factor 5 - Visibilidad nacional e internacional,Posicionamiento y visibilidad de la Universidad de los Llanos en dinámicas mundiales a través de su relacionamiento con actores nacionales e internacionales,Institucional / Programa,0.05882352941,"1. Socializar las convocatorias de movilidad nacional e internacional a los estudiantes
2. Implementar actividades en distintas modalidades que permitan aumentar la movilidad estudiantil
3. Postular estudiantes para movilidad 
4. Informe de seguimiento a la movilidad de los estudiantes",Recurso por inversión y/o Externos,Oficina de Relaciones Interinstitucionales OIRI|Consejo de FCBI|Comité de Programa,H09
M11,P01,11,11,Mantener un (1) digito la tasa deserción del programa,Factor 6 Permanencia y graduación,Fortalecimiento y desarrollo de estrategias y acciones de bienestar en el marco del desarrollo humano en pro de los integrantes de la comunidad universitaria de los Llanos,Institucional / Programa,0.05882352941,"1. Socializar las estrategias del sistema de alertas tempranas
2. Articular a los cursos las estrategias para superar el bajo rendimiento de los estudiantes
3. Informe semestral sobre",Recursos de Funcionamiento e inversión,PREU|Comité de Programa|Profsores|Estudiantes,H10
M12,P01,12,12,"Mantener en 12,5 de semestres para la graduación",Factor 6 Permanencia y graduación,Fortalecimiento y desarrollo de estrategias y acciones de bienestar en el marco del desarrollo humano en pro de los integrantes de la comunidad universitaria de los Llanos,Institucional / Programa,0.05882352941,"1. Revisar las características del curso de proyecto de grado 
2. Hacer seguimiento al curso proyecto de grado y opciones de grado
2. Presentar un informe de seguimiento al comité",Recursos de Funcionamiento,Comité de programa|Profesores,H11
M13,P01,13,13,Lograr que un (1) grupos de investigación suba de categoría,Factor 8. Aportes a la investigación,"Generar capacidades en innovación, desarrollo tecnológico y creación para la generación, uso y transferencia del conocimiento en la Universidad de los Llanos",Institucional,0.05882352941,"1. Implementar estrategia para el fortalecimiento y categorización de los grupos de investigación participantes en Convocatorias de Minciencias,",Recursos de Funcionamiento e inversión,Dirección General de Investigación,H12
M14,P01,14,14,Aumentar al 45% los registros actualizados de los egresados en la base de datos del Programa,Factor 9 - Impacto de los egresados en el medio,"Escenarios de extensión, apropiación y responsabilidad social de la Universidad de los Llanos",Institucional,0.05882352941,"1. Desarrollar actividades académicas que involucren a los egresados
2. Actualizar la base de datos permanentemente
3. Informe anual sobre seguimientos a egresados",Recursos de Funcionamiento,Programa de Egresados|Centro de proyección social FCBI,H13
M15,P01,15,15,Construir un (1) complejo de laboratorios,Factor 10 - Recursos físicos y financieros,Fortalecimiento del sistema de laboratorios como apoyo al desarrollo de las funciones misionales de la universidad de los llanos,Institucional,0.05882352941,"1.Determinar las necesidades de las unidades académicas
2.Formular el proyecto de consultoría para diseños y estudios 
3.Presentar el proyecto de construcción ante SGR
4.Ejecutar el proyecto de complejo de laboratorios",Recursos de inversión contemplados en el Plan de Mejoramiento Institucional 2022-2028,Coordinación de laboratorios|Vicerrectoría de Recursos Universitarios,H14
M16,P01,16,16,Ejecutar el 100% del plan de adquisición de equipos de medios educativos para los laboratorios del Sistema de Gestión de Laboratorios.,Factor 10 - Recursos físicos y financieros,Dotación de equipos para los laboratorios básicos y especializados de la Universidad de los Llanos,Institucional,0.05882352941,"1. Identificar las necesidades de los laboratorios en equipos y gestionar los recursos pertinentes
2. Formular los proyectos de inversión para adquisición de equipos de laboratorio acorde al plan de medios educativos. 
3. Ejecutar los proyectos de inversión",Recursos de Funcionamiento contemplados en el Plan de Mejoramiento Institucional 2022-2028,Coordinación de laboratorios|Vicerrectoría de Recursos Universitarios,H14
M17,P01,17,17,Obtener el nivel de cumplimiento mayor o igual al 80% en la medición del impacto,Todos los factores,"Escenarios de extensión, apropiación y responsabilidad social de la Universidad de los Llanos",Programa,0.05882352941,"1. Seguimiento y evaluación a las variables del modelo de impacto
2. Informe sobre resultados de la medición de impacto",Recursos de Funcionamiento,Comité de Programa|Director de Programa|Comité de Escuela,H15
