indicador_id,anio,programado,logrado
M01-I1,2024,165,
M01-I1,2025,165,
M01-I1,2026,165,
M01-I1,2027,165,
M01-I1,2028,165,
M01-I1,2029,165,
M01-I1,2030,165,
M02-I1,2024,0.6,
M02-I1,2025,0.6,
M02-I1,2026,0.6,
M02-I1,2027,0.6,
M02-I1,2028,0.6,
M02-I1,2029,0.6,
M02-I1,2030,0.6,
M02-I2,2024,0.6,
M02-I2,2025,0.6,
M02-I2,2026,0.6,
M02-I2,2027,0.6,
M02-I2,2028,0.6,
M02-I2,2029,0.6,
M02-I2,2030,0.6,
M02-I3,2024,0.6,
M02-I3,2025,0.6,
M02-I3,2026,0.6,
M02-I3,2027,0.6,
M02-I3,2028,0.6,
M02-I3,2029,0.6,
M02-I3,2030,0.6,
M03-I1,2024,0,
M03-I1,2025,0,
M03-I1,2026,1,
M03-I1,2027,0,
M03-I1,2028,0,
M03-I1,2029,0,
M03-I1,2030,0,
M04-I1,2024,0.1,
M04-I1,2025,0.15,
M04-I1,2026,0.2,
M04-I1,2027,0.25,
M04-I1,2028,0.25,
M04-I1,2029,0.25,
M04-I1,2030,0.25,
M05-I1,2024,0.08,
M05-I1,2025,0.12,
M05-I1,2026,0.16,
M05-I1,2027,0.2,
M05-I1,2028,0.2,
M05-I1,2029,0.2,
M05-I1,2030,0.2,
M06-I1,2024,1,
M06-I1,2025,1,
M06-I1,2026,1,
M06-I1,2027,1,
M06-I1,2028,1,
M06-I1,2029,1,
M06-I1,2030,1,
M07-I1,2024,0.2,
M07-I1,2025,0.22,
M07-I1,2026,0.25,
M07-I1,2027,0.3,
M07-I1,2028,0.3,
M07-I1,2029,0.3,
M07-I1,2030,0.3,
M08-I1,2024,1,
M08-I1,2025,0,
M08-I1,2026,1,
M08-I1,2027,0,
M08-I1,2028,1,
M08-I1,2029,0,
M08-I1,2030,0,
M09-I1,2024,1,
M09-I1,2025,0,
M09-I1,2026,1,
M09-I1,2027,0,
M09-I1,2028,1,
M09-I1,2029,0,
M09-I1,2030,0,
M10-I1,2024,0.16,
M10-I1,2025,0.17,
M10-I1,2026,0.18,
M10-I1,2027,0.19,
M10-I1,2028,0.2,
M10-I1,2029,0.2,
M10-I1,2030,0.2,
M11-I1,2024,0.056,
M11-I1,2025,0.05,
M11-I1,2026,0.045,
M11-I1,2027,0.04,
M11-I1,2028,0.04,
M11-I1,2029,0.04,
M11-I1,2030,0.04,
M12-I1,2024,12.5,
M12-I1,2025,12.5,
M12-I1,2026,12.5,
M12-I1,2027,12.5,
M12-I1,2028,12.5,
M12-I1,2029,12.5,
M12-I1,2030,12.5,
M13-I1,2024,2,
M13-I1,2025,1,
M13-I1,2026,1,
M13-I1,2027,1,
M13-I1,2028,1,
M13-I1,2029,1,
M13-I1,2030,1,
M14-I1,2024,0.4,
M14-I1,2025,0.4,
M14-I1,2026,0.45,
M14-I1,2027,0.45,
M14-I1,2028,0.45,
M14-I1,2029,0.45,
M14-I1,2030,0.45,
M15-I1,2024,0,
M15-I1,2025,0,
M15-I1,2026,0,
M15-I1,2027,1,
M15-I1,2028,0,
M15-I1,2029,0,
M15-I1,2030,0,
M16-I1,2024,0.4,
M16-I1,2025,0.53,
M16-I1,2026,0.65,
M16-I1,2027,0.84,
M16-I1,2028,1.0039,
M16-I1,2029,1,
M16-I1,2030,1,
M17-I1,2024,0.7,
M17-I1,2025,0.8,
M17-I1,2026,0.8,
M17-I1,2027,0.8,
M17-I1,2028,0.8,
M17-I1,2029,0.8,
M17-I1,2030,0.8,
