meta_id,periodo,avance,actividades,medios_verificacion,verificacion,observaciones
M01,2024-2,1,"Se hicieron reuniones informativas con los estudiantes, y también simulacros de las pruebas",Evidencia,,
M02,2024-2,,"Los datos entregados por bienestar no especifican el porcentaje de estudiantes, si no el número de personas que atienden estas actividades. No se entregó el registro de participación en algunas actividades.",Evidencia,,
M03,2024-2,,Esta meta no corresponde a este año,Evidencia,,
M04,2024-2,0.71,"La meta para el 2024 es 10%, se alcanzó 7.1%",Evidencia,,
M05,2024-2,0.1,"La meta para el 2024 es 8%, se alcanzó 1%",Evidencia,,
M06,2024-2,0,Se planea implementar en el 2025-I,Evidencia,,
M07,2024-2,0,No hay medición para calcular el porcentaje. Se planea hacer la primera medición el 2025-I,Evidencia,,
M08,2024-2,0,,Evidencia,,
M09,2024-2,1,Dos estudiantes extranjeros estuvieron en el programa. Oreste Lomis de Bélgica y Neyeli Verenice Sobrado Vergara del Perú. Se ha cumplido la meta para el primer bienio,Evidencia,,
M10,2024-2,0.934,"12 estudiantes participaron en movilidad saliente. Considerando que para calcular la línea base se consideró un promedio de 80 estudiantes, los que están a partir de quinto semestre, el porcentaje corresponde a 15%. Para el 2024 la meta es 16%.",Evidencia,,
M11,2024-2,,No hay datos actualizados para el 2024-2,Evidencia,,
M12,2024-2,,No hay datos actualizados para el 2024-2,Evidencia,,
M13,2024-2,,En este periodo no hubo categorización de grupos.,Evidencia,,
M14,2024-2,,El programa de egresados de la dirección de proyección social no ha enviado información actualizada,Evidencia,,
M15,2024-2,,La meta no es para este periodo,Evidencia,,
M16,2024-2,,La meta no es para este periodo,Evidencia,,
M17,2024-2,,No hay una directriz clara para la medición del impacto,Evidencia,,
M01,2025-1,1,"Se hicieron reuniones informativas con los estudiantes, y también simulacros de las pruebas. Al momento de realizar este informe, no hay resultados de las pruebas Saber Pro realizadas durante el 2025-I",Evidencia,,
M02,2025-1,0.786,"Profesores, administrativos y estudiantes se benefician de los servicios y actvidades de bienestar universitario; sin embargo, no ha registro de dichas participaciones para este periodo se hicieron encuestas para recoger dicha información directamente de los beneficiados obteniendo que 100% de los admistrativos participaron en actividades de bienestar, 39.5 % de los profesores, y la totalidad de los estudiantes. lo que da un promedio de 78,6% de alcance de esta meta, considerando que se quiere alcanzar un 60% de participación.",Evidencia,,
M03,2025-1,0.5,Se definieron tres perfiles para profesores de planta para el programa.,Evidencia,,
M04,2025-1,0.757,"Para el 2025, la meta es 15% de dedicación a investigación. Durante el 2025-I, los profesores de la escuela de ingeniería que prestan servicios en el programa tuvieron una dedicación de 11,35% a investigación, lo que representa que la meta se ha alcanzado en una 75,7%",Evidencia,,
M05,2025-1,0.8,"Para el 2025, la meta es 12% de dedicación a investigación. Durante el 2025-I, los profesores de la escuela de ingeniería que prestan servicios en el programa tuvieron una dedicación de 9,6% a proyección social, lo que representa que la meta se ha alcanzado en una 80%",Evidencia,,
M06,2025-1,0,Se recogerá la información durante el intersemestral del 2025,Evidencia,,
M07,2025-1,1,"Los profesores Javier Martínez, Javier Ricardo Castro y Héctor Iván Reyes trabajaron colaborativamente con profesores de otras universidades. El profesor Javier Martínez trabajó con un profesor de la Universidad Militar en la publicación de artículos, el profesor Javier Ricardo Castro trabajó con profesores de la Universidad de Antioquía en investigación, y el profesor con un profesor del Seneca Polytechnical College en un procyecto COIL. Esto representa el 23% de los 13 profesores de la escuela de ingeniería que prestaron servicios al programa durante el 2025-I. Considerando que para este periodo el porcentaje esperado es 22%, esta meta se cumplió al 100%.",Evidencia,,
M08,2025-1,1,"El ingeniero Javier Martínez publicó el artículo ""Imitation of the Human Upper Limb by Convolutional Neural Networks"" en el journal  International Journal of Artificial Intelligence (IJ-AI), en colaboración con el profesor Robinsón Moreno de la Universidad Militar Nueva Granada. La meta para el periodo 2024-2 - 2026-2 está cumplida",Evidencia,,
M09,2025-1,1,Dos estudiantes extranjeros estuvieron en el programa. Oreste Lomis de Bélgica y Neyeli Verenice Sobrado Vergara del Perú. Se ha cumplido la meta para el primer bienio,Evidencia,,
M10,2025-1,1,"16 estudiantes participaron en movilidad saliente. Considerando que para calcular la línea base se consideró un promedio de 80 estudiantes, los que están a partir de quinto semestre, el porcentaje corresponde a 20%. Para el 2025 la meta es 17%. Por los tanto la meta se cumplió al 100%",Evidencia,,
M11,2025-1,0,No hay datos actualizados para el 2025-I,Evidencia,,
M12,2025-1,0,No hay datos actualizados para el 2025-I,Evidencia,,
M13,2025-1,1,"El grupo Macrypt subió de categoría B a categoría A, mientras que los demás grupos se mantuvieron en sus categorías",Evidencia,,
M14,2025-1,0,El programa de egresados de la dirección de proyección social no ha enviado información actualizada,Evidencia,,
M15,2025-1,,La meta no es para este periodo,Evidencia,,
M16,2025-1,,La meta no es para este periodo,Evidencia,,
M17,2025-1,0,No hay una directriz clara para la medición del impacto,Evidencia,,
M01,2025-2,1,"Se analizaron los resultados de las pruebas Saber Pro para identificar las principales falencias, las cuales fueron socializadas con los docentes con el fin de fortalecer las competencias evaluadas desde las asignaturas. Asimismo, se realizaron simulacros como estrategia de preparación para los estudiantes. Estas acciones fueron presentadas y discutidas en el Comité de Programa",ACTA DE COMITÉ 020 DE 2025,,
M02,2025-2,0.786,"Los profesores, administrativos y estudiantes se benefician de las actividades y servicios ofrecidos por Bienestar Universitario. Sin embargo, la información suministrada para el periodo no incluye un registro detallado de la participación de los diferentes estamentos, sino únicamente el número de personas atendidas en las actividades. Ante esta situación, se solicitaron los documentos a la entidad encargada.",CARPETA DRIVE,,
M03,2025-2,0.8,"Durante el periodo 2025-2, la Universidad de los Llanos expidió la resolución que autorizó el concurso público de méritos para la provisión de cargos docentes de carrera y realizó la distribución de las plazas entre las facultades, asignando cuatro (4) a la Facultad de Ciencias Básicas e Ingeniería. Al cierre del periodo, el proceso se encontraba en la etapa previa al concurso, por lo que la selección y vinculación de los docentes quedó prevista para el periodo académico 2026-1.",CARPETA DRIVE,,
M04,2025-2,1,"Para el 2025, la meta es 15% de dedicación a investigación. Durante el 2025-2, los profesores de la escuela de ingeniería que prestan servicios en el programa tuvieron una dedicación de 26,67% a investigación, lo que representa que la meta se ha alcanzado en un 100%",CARPETA DRIVE,,
M05,2025-2,0.8,"Para el 2025, la meta es 12% de dedicación a investigación. Durante el 2025-2, los profesores de la escuela de ingeniería que prestan servicios en el programa tuvieron una dedicación de 26,67% a proyección social, lo que representa que la meta se ha alcanzado en una 100%",CARPETA DRIVE,,
M06,2025-2,0,Se recogerá la información durante el intersemestral del 2026-1,CARPETA DRIVE,,
M07,2025-2,0.11,"La docente Lauren Gineth Isaza trabajó colaborativamente con profesores de otro programas de la universidad. Esto representa el 11,11% de los 9 profesores de la escuela de ingeniería que prestaron servicios al programa durante el 2025-II.",CARPETA DRIVE,,
M08,2025-2,1,"El docente Javier Ricardo Castro trabajó colaborativamente con profesores de otras universidades. El profesor Javier Ricardo Castro trabajó con profesores de la Universidad de Antioquía en investigación. Esto representa el 33% de los 3 profesores de la escuela de ingeniería que prestaron servicios al programa durante el 2025-II. Considerando que para este periodo el porcentaje esperado es 22%, esta meta se cumplió al 100%.",CARPETA DRIVE,,
M09,2025-2,0,El estudiante entrante no cumplió con toda la documentacion solicitada.,CARPETA DRIVE,,
M10,2025-2,0.0021,"1 estudiante participó en movilidad saliente. Considerando que para calcular la línea base se consideró un promedio de 80 estudiantes, los que están a partir de quinto semestre, el porcentaje corresponde a 1,25%. Para el 2025 la meta es 17%. Por los tanto la meta no se cumplió",CARPETA DRIVE,,
M11,2025-2,0.9208,"Los matriculados para el 2025-2 fueron en total 359 estudiantes y en este periodo se tuvo una desercion de 39 estudiantes lo que indica un 10,86%. Esta meta no se cumplió, pero bajo significativamente. Es necesario implementar acciones de mejora para alcanzar el objetivo esperado",CARPETA DRIVE,,
M12,2025-2,0,No hay datos actualizados para el 2025-2,CARPETA DRIVE,,
M13,2025-2,1,"El grupo Macrypt subió de categoría B a categoría A, mientras que los demás grupos se mantuvieron en sus categorías",CARPETA DRIVE,,
M14,2025-2,0,El programa de egresados de la dirección de proyección social no ha enviado información actualizada,CARPETA DRIVE,,
M15,2025-2,,La meta no es para este periodo,CARPETA DRIVE,,
M16,2025-2,,La meta no es para este periodo,CARPETA DRIVE,,
M17,2025-2,0,No hay una directriz clara para la medición del impacto,CARPETA DRIVE,,
