proceso_id,elemento_id,valoracion,porcentaje,fuente
PR-IE-2022,CNA20-F01,4.9,98.5,"Informe de autoevaluación IE 2018-2022, Tabla 5.1"
PR-IE-2022,CNA20-F02,4.27,84,"Informe de autoevaluación IE 2018-2022, Tabla 5.1"
PR-IE-2022,CNA20-F03,4.39,87.75,"Informe de autoevaluación IE 2018-2022, Tabla 5.1"
PR-IE-2022,CNA20-F04,4.45,89,"Informe de autoevaluación IE 2018-2022, Tabla 5.1"
PR-IE-2022,CNA20-F05,4.48,89.66,"Informe de autoevaluación IE 2018-2022, Tabla 5.1"
PR-IE-2022,CNA20-F06,4.44,87,"Informe de autoevaluación IE 2018-2022, Tabla 5.1"
PR-IE-2022,CNA20-F07,4.2,83.8,"Informe de autoevaluación IE 2018-2022, Tabla 5.1"
PR-IE-2022,CNA20-F08,4.65,93,"Informe de autoevaluación IE 2018-2022, Tabla 5.1"
PR-IE-2022,CNA20-F09,4.28,85.6,"Informe de autoevaluación IE 2018-2022, Tabla 5.1"
PR-IE-2022,CNA20-F10,4.54,90.63,"Informe de autoevaluación IE 2018-2022, Tabla 5.1"
PR-IE-2022,CNA20-F11,4.66,92,"Informe de autoevaluación IE 2018-2022, Tabla 5.1"
PR-IE-2022,CNA20-F12,4.84,93.2,"Informe de autoevaluación IE 2018-2022, Tabla 5.1"
